[ec2-user@ip-10-1-10-19 ~]$ mysql -h database-rep-1.cltcsg0phkui.us-east-1.rds.amazonaws.com -u admin -p
Enter password: 
Welcome to the MariaDB monitor.  Commands end with ; or \g.
Your MySQL connection id is 27
Server version: 8.0.35 Source distribution

Copyright (c) 2000, 2018, Oracle, MariaDB Corporation Ab and others.

Type 'help;' or '\h' for help. Type '\c' to clear the current input statement.

MySQL [(none)]> use udacity;
Reading table information for completion of table and column names
You can turn off this feature to get a quicker startup with -A

Database changed
MySQL [udacity]> insert into table_test(name, age) values ('Test2', 20);
ERROR 1290 (HY000): The MySQL server is running with the --read-only option so it cannot execute this statement
MySQL [udacity]> quit;
Bye
[ec2-user@ip-10-1-10-19 ~]$ mysql -h database-rep-1.cltcsg0phkui.us-east-1.rds.amazonaws.com -u admin -p
Enter password: 
Welcome to the MariaDB monitor.  Commands end with ; or \g.
Your MySQL connection id is 30
Server version: 8.0.35 Source distribution

Copyright (c) 2000, 2018, Oracle, MariaDB Corporation Ab and others.

Type 'help;' or '\h' for help. Type '\c' to clear the current input statement.

MySQL [(none)]> user udacity;
ERROR 1064 (42000): You have an error in your SQL syntax; check the manual that corresponds to your MySQL server version for the right syntax to use near 'user udacity' at line 1
MySQL [(none)]> use udacity;
Reading table information for completion of table and column names
You can turn off this feature to get a quicker startup with -A

Database changed
MySQL [udacity]> select * from test_table;
+----+------+------+
| id | name | age  |
+----+------+------+
|  1 | TEST |   10 |
+----+------+------+
1 row in set (0.001 sec)

MySQL [udacity]> insert into test_table(name, age) values ('Test2', 20);
Query OK, 1 row affected (0.003 sec)

MySQL [udacity]> select * from test_table;
+----+-------+------+
| id | name  | age  |
+----+-------+------+
|  1 | TEST  |   10 |
|  2 | Test2 |   20 |
+----+-------+------+
2 rows in set (0.018 sec)

MySQL [udacity]> 
